Location,Scene,Offence,Year or Month,Measure,Value,Flags
"Northland District","Total Scene","Total Offences","2013","Recorded",15588,
"Northland District","Total Scene","Total Offences","2014","Recorded",14897,
"Northland District","Total Scene","Homicide and related offences","2013","Recorded",6,
"Northland District","Total Scene","Homicide and related offences","2014","Recorded",3,
"Northland District","Total Scene","Acts intended to cause injury","2013","Recorded",2109,
"Northland District","Total Scene","Acts intended to cause injury","2014","Recorded",1778,
"Northland District","Total Scene","Sexual assault and related offences","2013","Recorded",180,
"Northland District","Total Scene","Sexual assault and related offences","2014","Recorded",232,
"Northland District","Total Scene","Dangerous or negligent acts endangering persons","2013","Recorded",31,
"Northland District","Total Scene","Dangerous or negligent acts endangering persons","2014","Recorded",32,
"Northland District","Total Scene","Abduction, harassment and other related offences against a person","2013","Recorded",743,
"Northland District","Total Scene","Abduction, harassment and other related offences against a person","2014","Recorded",687,
"Northland District","Total Scene","Robbery, extortion and related offences","2013","Recorded",92,
"Northland District","Total Scene","Robbery, extortion and related offences","2014","Recorded",80,
"Northland District","Total Scene","Unlawful entry with intent/burglary, break and enter","2013","Recorded",2688,
"Northland District","Total Scene","Unlawful entry with intent/burglary, break and enter","2014","Recorded",2962,
"Northland District","Total Scene","Theft and related offences","2013","Recorded",4337,
"Northland District","Total Scene","Theft and related offences","2014","Recorded",4470,
"Northland District","Total Scene","Fraud, deception and related offences","2013","Recorded",367,
"Northland District","Total Scene","Fraud, deception and related offences","2014","Recorded",238,
"Northland District","Total Scene","Illicit drug offences","2013","Recorded",961,
"Northland District","Total Scene","Illicit drug offences","2014","Recorded",825,
"Northland District","Total Scene","Prohibited and regulated weapons and explosives offences","2013","Recorded",333,
"Northland District","Total Scene","Prohibited and regulated weapons and explosives offences","2014","Recorded",326,
"Northland District","Total Scene","Property damage and environmental pollution","2013","Recorded",1848,
"Northland District","Total Scene","Property damage and environmental pollution","2014","Recorded",1576,
"Northland District","Total Scene","Public order offences","2013","Recorded",1123,
"Northland District","Total Scene","Public order offences","2014","Recorded",870,
"Northland District","Total Scene","Offences against justice procedures, government security and government operations","2013","Recorded",726,
"Northland District","Total Scene","Offences against justice procedures, government security and government operations","2014","Recorded",791,
"Northland District","Total Scene","Miscellaneous offences","2013","Recorded",44,
"Northland District","Total Scene","Miscellaneous offences","2014","Recorded",27,
"Northland District","Total Scene","Total Offences","2013","Resolved",7499,
"Northland District","Total Scene","Total Offences","2014","Resolved",6458,
"Northland District","Total Scene","Homicide and related offences","2013","Resolved",6,
"Northland District","Total Scene","Homicide and related offences","2014","Resolved",2,
"Northland District","Total Scene","Acts intended to cause injury","2013","Resolved",1609,
"Northland District","Total Scene","Acts intended to cause injury","2014","Resolved",1274,
"Northland District","Total Scene","Sexual assault and related offences","2013","Resolved",109,
"Northland District","Total Scene","Sexual assault and related offences","2014","Resolved",153,
"Northland District","Total Scene","Dangerous or negligent acts endangering persons","2013","Resolved",13,
"Northland District","Total Scene","Dangerous or negligent acts endangering persons","2014","Resolved",16,
"Northland District","Total Scene","Abduction, harassment and other related offences against a person","2013","Resolved",477,
"Northland District","Total Scene","Abduction, harassment and other related offences against a person","2014","Resolved",407,
"Northland District","Total Scene","Robbery, extortion and related offences","2013","Resolved",56,
"Northland District","Total Scene","Robbery, extortion and related offences","2014","Resolved",38,
"Northland District","Total Scene","Unlawful entry with intent/burglary, break and enter","2013","Resolved",383,
"Northland District","Total Scene","Unlawful entry with intent/burglary, break and enter","2014","Resolved",412,
"Northland District","Total Scene","Theft and related offences","2013","Resolved",1204,
"Northland District","Total Scene","Theft and related offences","2014","Resolved",1176,
"Northland District","Total Scene","Fraud, deception and related offences","2013","Resolved",251,
"Northland District","Total Scene","Fraud, deception and related offences","2014","Resolved",92,
"Northland District","Total Scene","Illicit drug offences","2013","Resolved",841,
"Northland District","Total Scene","Illicit drug offences","2014","Resolved",730,
"Northland District","Total Scene","Prohibited and regulated weapons and explosives offences","2013","Resolved",279,
"Northland District","Total Scene","Prohibited and regulated weapons and explosives offences","2014","Resolved",271,
"Northland District","Total Scene","Property damage and environmental pollution","2013","Resolved",674,
"Northland District","Total Scene","Property damage and environmental pollution","2014","Resolved",510,
"Northland District","Total Scene","Public order offences","2013","Resolved",934,
"Northland District","Total Scene","Public order offences","2014","Resolved",670,
"Northland District","Total Scene","Offences against justice procedures, government security and government operations","2013","Resolved",634,
"Northland District","Total Scene","Offences against justice procedures, government security and government operations","2014","Resolved",699,
"Northland District","Total Scene","Miscellaneous offences","2013","Resolved",29,
"Northland District","Total Scene","Miscellaneous offences","2014","Resolved",8,
"Waitemata District","Total Scene","Total Offences","2013","Recorded",31704,
"Waitemata District","Total Scene","Total Offences","2014","Recorded",32043,
"Waitemata District","Total Scene","Homicide and related offences","2013","Recorded",6,
"Waitemata District","Total Scene","Homicide and related offences","2014","Recorded",14,
"Waitemata District","Total Scene","Acts intended to cause injury","2013","Recorded",3134,
"Waitemata District","Total Scene","Acts intended to cause injury","2014","Recorded",2960,
"Waitemata District","Total Scene","Sexual assault and related offences","2013","Recorded",351,
"Waitemata District","Total Scene","Sexual assault and related offences","2014","Recorded",310,
"Waitemata District","Total Scene","Dangerous or negligent acts endangering persons","2013","Recorded",62,
"Waitemata District","Total Scene","Dangerous or negligent acts endangering persons","2014","Recorded",59,
"Waitemata District","Total Scene","Abduction, harassment and other related offences against a person","2013","Recorded",1244,
"Waitemata District","Total Scene","Abduction, harassment and other related offences against a person","2014","Recorded",1370,
"Waitemata District","Total Scene","Robbery, extortion and related offences","2013","Recorded",164,
"Waitemata District","Total Scene","Robbery, extortion and related offences","2014","Recorded",195,
"Waitemata District","Total Scene","Unlawful entry with intent/burglary, break and enter","2013","Recorded",4126,
"Waitemata District","Total Scene","Unlawful entry with intent/burglary, break and enter","2014","Recorded",4581,
"Waitemata District","Total Scene","Theft and related offences","2013","Recorded",12076,
"Waitemata District","Total Scene","Theft and related offences","2014","Recorded",12291,
"Waitemata District","Total Scene","Fraud, deception and related offences","2013","Recorded",929,
"Waitemata District","Total Scene","Fraud, deception and related offences","2014","Recorded",933,
"Waitemata District","Total Scene","Illicit drug offences","2013","Recorded",1583,
"Waitemata District","Total Scene","Illicit drug offences","2014","Recorded",1523,
"Waitemata District","Total Scene","Prohibited and regulated weapons and explosives offences","2013","Recorded",492,
"Waitemata District","Total Scene","Prohibited and regulated weapons and explosives offences","2014","Recorded",425,
"Waitemata District","Total Scene","Property damage and environmental pollution","2013","Recorded",3183,
"Waitemata District","Total Scene","Property damage and environmental pollution","2014","Recorded",3062,
"Waitemata District","Total Scene","Public order offences","2013","Recorded",2263,
"Waitemata District","Total Scene","Public order offences","2014","Recorded",2066,
"Waitemata District","Total Scene","Offences against justice procedures, government security and government operations","2013","Recorded",1990,
"Waitemata District","Total Scene","Offences against justice procedures, government security and government operations","2014","Recorded",2164,
"Waitemata District","Total Scene","Miscellaneous offences","2013","Recorded",101,
"Waitemata District","Total Scene","Miscellaneous offences","2014","Recorded",90,
"Waitemata District","Total Scene","Total Offences","2013","Resolved",13852,
"Waitemata District","Total Scene","Total Offences","2014","Resolved",11901,
"Waitemata District","Total Scene","Homicide and related offences","2013","Resolved",6,
"Waitemata District","Total Scene","Homicide and related offences","2014","Resolved",11,
"Waitemata District","Total Scene","Acts intended to cause injury","2013","Resolved",2499,
"Waitemata District","Total Scene","Acts intended to cause injury","2014","Resolved",2011,
"Waitemata District","Total Scene","Sexual assault and related offences","2013","Resolved",221,
"Waitemata District","Total Scene","Sexual assault and related offences","2014","Resolved",140,
"Waitemata District","Total Scene","Dangerous or negligent acts endangering persons","2013","Resolved",38,
"Waitemata District","Total Scene","Dangerous or negligent acts endangering persons","2014","Resolved",26,
"Waitemata District","Total Scene","Abduction, harassment and other related offences against a person","2013","Resolved",658,
"Waitemata District","Total Scene","Abduction, harassment and other related offences against a person","2014","Resolved",626,
"Waitemata District","Total Scene","Robbery, extortion and related offences","2013","Resolved",60,
"Waitemata District","Total Scene","Robbery, extortion and related offences","2014","Resolved",61,
"Waitemata District","Total Scene","Unlawful entry with intent/burglary, break and enter","2013","Resolved",550,
"Waitemata District","Total Scene","Unlawful entry with intent/burglary, break and enter","2014","Resolved",368,
"Waitemata District","Total Scene","Theft and related offences","2013","Resolved",2656,
"Waitemata District","Total Scene","Theft and related offences","2014","Resolved",2236,
"Waitemata District","Total Scene","Fraud, deception and related offences","2013","Resolved",476,
"Waitemata District","Total Scene","Fraud, deception and related offences","2014","Resolved",413,
"Waitemata District","Total Scene","Illicit drug offences","2013","Resolved",1483,
"Waitemata District","Total Scene","Illicit drug offences","2014","Resolved",1414,
"Waitemata District","Total Scene","Prohibited and regulated weapons and explosives offences","2013","Resolved",448,
"Waitemata District","Total Scene","Prohibited and regulated weapons and explosives offences","2014","Resolved",371,
"Waitemata District","Total Scene","Property damage and environmental pollution","2013","Resolved",993,
"Waitemata District","Total Scene","Property damage and environmental pollution","2014","Resolved",726,
"Waitemata District","Total Scene","Public order offences","2013","Resolved",1754,
"Waitemata District","Total Scene","Public order offences","2014","Resolved",1466,
"Waitemata District","Total Scene","Offences against justice procedures, government security and government operations","2013","Resolved",1940,
"Waitemata District","Total Scene","Offences against justice procedures, government security and government operations","2014","Resolved",1988,
"Waitemata District","Total Scene","Miscellaneous offences","2013","Resolved",70,
"Waitemata District","Total Scene","Miscellaneous offences","2014","Resolved",44,
"Auckland District","Total Scene","Total Offences","2013","Recorded",43734,
"Auckland District","Total Scene","Total Offences","2014","Recorded",42297,
"Auckland District","Total Scene","Homicide and related offences","2013","Recorded",6,
"Auckland District","Total Scene","Homicide and related offences","2014","Recorded",7,
"Auckland District","Total Scene","Acts intended to cause injury","2013","Recorded",3294,
"Auckland District","Total Scene","Acts intended to cause injury","2014","Recorded",3135,
"Auckland District","Total Scene","Sexual assault and related offences","2013","Recorded",372,
"Auckland District","Total Scene","Sexual assault and related offences","2014","Recorded",379,
"Auckland District","Total Scene","Dangerous or negligent acts endangering persons","2013","Recorded",65,
"Auckland District","Total Scene","Dangerous or negligent acts endangering persons","2014","Recorded",63,
"Auckland District","Total Scene","Abduction, harassment and other related offences against a person","2013","Recorded",1191,
"Auckland District","Total Scene","Abduction, harassment and other related offences against a person","2014","Recorded",1235,
"Auckland District","Total Scene","Robbery, extortion and related offences","2013","Recorded",466,
"Auckland District","Total Scene","Robbery, extortion and related offences","2014","Recorded",427,
"Auckland District","Total Scene","Unlawful entry with intent/burglary, break and enter","2013","Recorded",6316,
"Auckland District","Total Scene","Unlawful entry with intent/burglary, break and enter","2014","Recorded",7269,
"Auckland District","Total Scene","Theft and related offences","2013","Recorded",19957,
"Auckland District","Total Scene","Theft and related offences","2014","Recorded",19303,
"Auckland District","Total Scene","Fraud, deception and related offences","2013","Recorded",1044,
"Auckland District","Total Scene","Fraud, deception and related offences","2014","Recorded",1205,
"Auckland District","Total Scene","Illicit drug offences","2013","Recorded",1463,
"Auckland District","Total Scene","Illicit drug offences","2014","Recorded",1438,
"Auckland District","Total Scene","Prohibited and regulated weapons and explosives offences","2013","Recorded",421,
"Auckland District","Total Scene","Prohibited and regulated weapons and explosives offences","2014","Recorded",463,
"Auckland District","Total Scene","Property damage and environmental pollution","2013","Recorded",4157,
"Auckland District","Total Scene","Property damage and environmental pollution","2014","Recorded",3294,
"Auckland District","Total Scene","Public order offences","2013","Recorded",3723,
"Auckland District","Total Scene","Public order offences","2014","Recorded",2540,
"Auckland District","Total Scene","Offences against justice procedures, government security and government operations","2013","Recorded",1164,
"Auckland District","Total Scene","Offences against justice procedures, government security and government operations","2014","Recorded",1434,
"Auckland District","Total Scene","Miscellaneous offences","2013","Recorded",95,
"Auckland District","Total Scene","Miscellaneous offences","2014","Recorded",105,
"Auckland District","Total Scene","Total Offences","2013","Resolved",13995,
"Auckland District","Total Scene","Total Offences","2014","Resolved",12306,
"Auckland District","Total Scene","Homicide and related offences","2013","Resolved",6,
"Auckland District","Total Scene","Homicide and related offences","2014","Resolved",6,
"Auckland District","Total Scene","Acts intended to cause injury","2013","Resolved",2285,
"Auckland District","Total Scene","Acts intended to cause injury","2014","Resolved",2025,
"Auckland District","Total Scene","Sexual assault and related offences","2013","Resolved",194,
"Auckland District","Total Scene","Sexual assault and related offences","2014","Resolved",166,
"Auckland District","Total Scene","Dangerous or negligent acts endangering persons","2013","Resolved",38,
"Auckland District","Total Scene","Dangerous or negligent acts endangering persons","2014","Resolved",43,
"Auckland District","Total Scene","Abduction, harassment and other related offences against a person","2013","Resolved",603,
"Auckland District","Total Scene","Abduction, harassment and other related offences against a person","2014","Resolved",591,
"Auckland District","Total Scene","Robbery, extortion and related offences","2013","Resolved",116,
"Auckland District","Total Scene","Robbery, extortion and related offences","2014","Resolved",156,
"Auckland District","Total Scene","Unlawful entry with intent/burglary, break and enter","2013","Resolved",478,
"Auckland District","Total Scene","Unlawful entry with intent/burglary, break and enter","2014","Resolved",447,
"Auckland District","Total Scene","Theft and related offences","2013","Resolved",2712,
"Auckland District","Total Scene","Theft and related offences","2014","Resolved",2448,
"Auckland District","Total Scene","Fraud, deception and related offences","2013","Resolved",377,
"Auckland District","Total Scene","Fraud, deception and related offences","2014","Resolved",470,
"Auckland District","Total Scene","Illicit drug offences","2013","Resolved",1376,
"Auckland District","Total Scene","Illicit drug offences","2014","Resolved",1365,
"Auckland District","Total Scene","Prohibited and regulated weapons and explosives offences","2013","Resolved",384,
"Auckland District","Total Scene","Prohibited and regulated weapons and explosives offences","2014","Resolved",418,
"Auckland District","Total Scene","Property damage and environmental pollution","2013","Resolved",996,
"Auckland District","Total Scene","Property damage and environmental pollution","2014","Resolved",703,
"Auckland District","Total Scene","Public order offences","2013","Resolved",3285,
"Auckland District","Total Scene","Public order offences","2014","Resolved",2062,
"Auckland District","Total Scene","Offences against justice procedures, government security and government operations","2013","Resolved",1088,
"Auckland District","Total Scene","Offences against justice procedures, government security and government operations","2014","Resolved",1343,
"Auckland District","Total Scene","Miscellaneous offences","2013","Resolved",57,
"Auckland District","Total Scene","Miscellaneous offences","2014","Resolved",63,
"Counties/Manukau District","Total Scene","Total Offences","2013","Recorded",44046,
"Counties/Manukau District","Total Scene","Total Offences","2014","Recorded",42494,
"Counties/Manukau District","Total Scene","Homicide and related offences","2013","Recorded",9,
"Counties/Manukau District","Total Scene","Homicide and related offences","2014","Recorded",8,
"Counties/Manukau District","Total Scene","Acts intended to cause injury","2013","Recorded",6328,
"Counties/Manukau District","Total Scene","Acts intended to cause injury","2014","Recorded",5719,
"Counties/Manukau District","Total Scene","Sexual assault and related offences","2013","Recorded",507,
"Counties/Manukau District","Total Scene","Sexual assault and related offences","2014","Recorded",541,
"Counties/Manukau District","Total Scene","Dangerous or negligent acts endangering persons","2013","Recorded",134,
"Counties/Manukau District","Total Scene","Dangerous or negligent acts endangering persons","2014","Recorded",150,
"Counties/Manukau District","Total Scene","Abduction, harassment and other related offences against a person","2013","Recorded",1709,
"Counties/Manukau District","Total Scene","Abduction, harassment and other related offences against a person","2014","Recorded",1635,
"Counties/Manukau District","Total Scene","Robbery, extortion and related offences","2013","Recorded",468,
"Counties/Manukau District","Total Scene","Robbery, extortion and related offences","2014","Recorded",509,
"Counties/Manukau District","Total Scene","Unlawful entry with intent/burglary, break and enter","2013","Recorded",6723,
"Counties/Manukau District","Total Scene","Unlawful entry with intent/burglary, break and enter","2014","Recorded",6793,
"Counties/Manukau District","Total Scene","Theft and related offences","2013","Recorded",14229,
"Counties/Manukau District","Total Scene","Theft and related offences","2014","Recorded",14957,
"Counties/Manukau District","Total Scene","Fraud, deception and related offences","2013","Recorded",897,
"Counties/Manukau District","Total Scene","Fraud, deception and related offences","2014","Recorded",892,
"Counties/Manukau District","Total Scene","Illicit drug offences","2013","Recorded",2034,
"Counties/Manukau District","Total Scene","Illicit drug offences","2014","Recorded",1821,
"Counties/Manukau District","Total Scene","Prohibited and regulated weapons and explosives offences","2013","Recorded",737,
"Counties/Manukau District","Total Scene","Prohibited and regulated weapons and explosives offences","2014","Recorded",754,
"Counties/Manukau District","Total Scene","Property damage and environmental pollution","2013","Recorded",4473,
"Counties/Manukau District","Total Scene","Property damage and environmental pollution","2014","Recorded",4310,
"Counties/Manukau District","Total Scene","Public order offences","2013","Recorded",3700,
"Counties/Manukau District","Total Scene","Public order offences","2014","Recorded",2526,
"Counties/Manukau District","Total Scene","Offences against justice procedures, government security and government operations","2013","Recorded",1969,
"Counties/Manukau District","Total Scene","Offences against justice procedures, government security and government operations","2014","Recorded",1763,
"Counties/Manukau District","Total Scene","Miscellaneous offences","2013","Recorded",129,
"Counties/Manukau District","Total Scene","Miscellaneous offences","2014","Recorded",116,
"Counties/Manukau District","Total Scene","Total Offences","2013","Resolved",19939,
"Counties/Manukau District","Total Scene","Total Offences","2014","Resolved",17199,
"Counties/Manukau District","Total Scene","Homicide and related offences","2013","Resolved",7,
"Counties/Manukau District","Total Scene","Homicide and related offences","2014","Resolved",8,
"Counties/Manukau District","Total Scene","Acts intended to cause injury","2013","Resolved",5103,
"Counties/Manukau District","Total Scene","Acts intended to cause injury","2014","Resolved",4548,
"Counties/Manukau District","Total Scene","Sexual assault and related offences","2013","Resolved",222,
"Counties/Manukau District","Total Scene","Sexual assault and related offences","2014","Resolved",213,
"Counties/Manukau District","Total Scene","Dangerous or negligent acts endangering persons","2013","Resolved",98,
"Counties/Manukau District","Total Scene","Dangerous or negligent acts endangering persons","2014","Resolved",104,
"Counties/Manukau District","Total Scene","Abduction, harassment and other related offences against a person","2013","Resolved",1158,
"Counties/Manukau District","Total Scene","Abduction, harassment and other related offences against a person","2014","Resolved",1069,
"Counties/Manukau District","Total Scene","Robbery, extortion and related offences","2013","Resolved",161,
"Counties/Manukau District","Total Scene","Robbery, extortion and related offences","2014","Resolved",163,
"Counties/Manukau District","Total Scene","Unlawful entry with intent/burglary, break and enter","2013","Resolved",832,
"Counties/Manukau District","Total Scene","Unlawful entry with intent/burglary, break and enter","2014","Resolved",656,
"Counties/Manukau District","Total Scene","Theft and related offences","2013","Resolved",2777,
"Counties/Manukau District","Total Scene","Theft and related offences","2014","Resolved",2632,
"Counties/Manukau District","Total Scene","Fraud, deception and related offences","2013","Resolved",426,
"Counties/Manukau District","Total Scene","Fraud, deception and related offences","2014","Resolved",364,
"Counties/Manukau District","Total Scene","Illicit drug offences","2013","Resolved",1940,
"Counties/Manukau District","Total Scene","Illicit drug offences","2014","Resolved",1751,
"Counties/Manukau District","Total Scene","Prohibited and regulated weapons and explosives offences","2013","Resolved",689,
"Counties/Manukau District","Total Scene","Prohibited and regulated weapons and explosives offences","2014","Resolved",690,
"Counties/Manukau District","Total Scene","Property damage and environmental pollution","2013","Resolved",1496,
"Counties/Manukau District","Total Scene","Property damage and environmental pollution","2014","Resolved",1381,
"Counties/Manukau District","Total Scene","Public order offences","2013","Resolved",3143,
"Counties/Manukau District","Total Scene","Public order offences","2014","Resolved",1995,
"Counties/Manukau District","Total Scene","Offences against justice procedures, government security and government operations","2013","Resolved",1805,
"Counties/Manukau District","Total Scene","Offences against justice procedures, government security and government operations","2014","Resolved",1547,
"Counties/Manukau District","Total Scene","Miscellaneous offences","2013","Resolved",82,
"Counties/Manukau District","Total Scene","Miscellaneous offences","2014","Resolved",78,
"Waikato District","Total Scene","Total Offences","2013","Recorded",32218,
"Waikato District","Total Scene","Total Offences","2014","Recorded",29642,
"Waikato District","Total Scene","Homicide and related offences","2013","Recorded",8,
"Waikato District","Total Scene","Homicide and related offences","2014","Recorded",5,
"Waikato District","Total Scene","Acts intended to cause injury","2013","Recorded",3390,
"Waikato District","Total Scene","Acts intended to cause injury","2014","Recorded",3894,
"Waikato District","Total Scene","Sexual assault and related offences","2013","Recorded",361,
"Waikato District","Total Scene","Sexual assault and related offences","2014","Recorded",352,
"Waikato District","Total Scene","Dangerous or negligent acts endangering persons","2013","Recorded",46,
"Waikato District","Total Scene","Dangerous or negligent acts endangering persons","2014","Recorded",57,
"Waikato District","Total Scene","Abduction, harassment and other related offences against a person","2013","Recorded",1050,
"Waikato District","Total Scene","Abduction, harassment and other related offences against a person","2014","Recorded",1273,
"Waikato District","Total Scene","Robbery, extortion and related offences","2013","Recorded",165,
"Waikato District","Total Scene","Robbery, extortion and related offences","2014","Recorded",169,
"Waikato District","Total Scene","Unlawful entry with intent/burglary, break and enter","2013","Recorded",6046,
"Waikato District","Total Scene","Unlawful entry with intent/burglary, break and enter","2014","Recorded",5639,
"Waikato District","Total Scene","Theft and related offences","2013","Recorded",9993,
"Waikato District","Total Scene","Theft and related offences","2014","Recorded",8753,
"Waikato District","Total Scene","Fraud, deception and related offences","2013","Recorded",596,
"Waikato District","Total Scene","Fraud, deception and related offences","2014","Recorded",858,
"Waikato District","Total Scene","Illicit drug offences","2013","Recorded",1288,
"Waikato District","Total Scene","Illicit drug offences","2014","Recorded",1437,
"Waikato District","Total Scene","Prohibited and regulated weapons and explosives offences","2013","Recorded",444,
"Waikato District","Total Scene","Prohibited and regulated weapons and explosives offences","2014","Recorded",498,
"Waikato District","Total Scene","Property damage and environmental pollution","2013","Recorded",3847,
"Waikato District","Total Scene","Property damage and environmental pollution","2014","Recorded",3065,
"Waikato District","Total Scene","Public order offences","2013","Recorded",3671,
"Waikato District","Total Scene","Public order offences","2014","Recorded",2167,
"Waikato District","Total Scene","Offences against justice procedures, government security and government operations","2013","Recorded",1236,
"Waikato District","Total Scene","Offences against justice procedures, government security and government operations","2014","Recorded",1391,
"Waikato District","Total Scene","Miscellaneous offences","2013","Recorded",77,
"Waikato District","Total Scene","Miscellaneous offences","2014","Recorded",84,
"Waikato District","Total Scene","Total Offences","2013","Resolved",13732,
"Waikato District","Total Scene","Total Offences","2014","Resolved",12217,
"Waikato District","Total Scene","Homicide and related offences","2013","Resolved",8,
"Waikato District","Total Scene","Homicide and related offences","2014","Resolved",4,
"Waikato District","Total Scene","Acts intended to cause injury","2013","Resolved",2295,
"Waikato District","Total Scene","Acts intended to cause injury","2014","Resolved",2682,
"Waikato District","Total Scene","Sexual assault and related offences","2013","Resolved",158,
"Waikato District","Total Scene","Sexual assault and related offences","2014","Resolved",152,
"Waikato District","Total Scene","Dangerous or negligent acts endangering persons","2013","Resolved",20,
"Waikato District","Total Scene","Dangerous or negligent acts endangering persons","2014","Resolved",32,
"Waikato District","Total Scene","Abduction, harassment and other related offences against a person","2013","Resolved",576,
"Waikato District","Total Scene","Abduction, harassment and other related offences against a person","2014","Resolved",693,
"Waikato District","Total Scene","Robbery, extortion and related offences","2013","Resolved",71,
"Waikato District","Total Scene","Robbery, extortion and related offences","2014","Resolved",70,
"Waikato District","Total Scene","Unlawful entry with intent/burglary, break and enter","2013","Resolved",680,
"Waikato District","Total Scene","Unlawful entry with intent/burglary, break and enter","2014","Resolved",630,
"Waikato District","Total Scene","Theft and related offences","2013","Resolved",2348,
"Waikato District","Total Scene","Theft and related offences","2014","Resolved",1929,
"Waikato District","Total Scene","Fraud, deception and related offences","2013","Resolved",279,
"Waikato District","Total Scene","Fraud, deception and related offences","2014","Resolved",420,
"Waikato District","Total Scene","Illicit drug offences","2013","Resolved",1180,
"Waikato District","Total Scene","Illicit drug offences","2014","Resolved",1305,
"Waikato District","Total Scene","Prohibited and regulated weapons and explosives offences","2013","Resolved",393,
"Waikato District","Total Scene","Prohibited and regulated weapons and explosives offences","2014","Resolved",445,
"Waikato District","Total Scene","Property damage and environmental pollution","2013","Resolved",1388,
"Waikato District","Total Scene","Property damage and environmental pollution","2014","Resolved",872,
"Waikato District","Total Scene","Public order offences","2013","Resolved",3252,
"Waikato District","Total Scene","Public order offences","2014","Resolved",1776,
"Waikato District","Total Scene","Offences against justice procedures, government security and government operations","2013","Resolved",1046,
"Waikato District","Total Scene","Offences against justice procedures, government security and government operations","2014","Resolved",1175,
"Waikato District","Total Scene","Miscellaneous offences","2013","Resolved",38,
"Waikato District","Total Scene","Miscellaneous offences","2014","Resolved",32,
"Bay Of Plenty District","Total Scene","Total Offences","2013","Recorded",31433,
"Bay Of Plenty District","Total Scene","Homicide and related offences","2013","Recorded",6,
"Bay Of Plenty District","Total Scene","Homicide and related offences","2014","Recorded",4,
"Bay Of Plenty District","Total Scene","Acts intended to cause injury","2013","Recorded",3517,
"Bay Of Plenty District","Total Scene","Acts intended to cause injury","2014","Recorded",3641,
"Bay Of Plenty District","Total Scene","Sexual assault and related offences","2013","Recorded",244,
"Bay Of Plenty District","Total Scene","Sexual assault and related offences","2014","Recorded",354,
"Bay Of Plenty District","Total Scene","Dangerous or negligent acts endangering persons","2013","Recorded",62,
"Bay Of Plenty District","Total Scene","Dangerous or negligent acts endangering persons","2014","Recorded",55,
"Bay Of Plenty District","Total Scene","Abduction, harassment and other related offences against a person","2013","Recorded",1058,
"Bay Of Plenty District","Total Scene","Abduction, harassment and other related offences against a person","2014","Recorded",1163,
"Bay Of Plenty District","Total Scene","Robbery, extortion and related offences","2013","Recorded",156,
"Bay Of Plenty District","Total Scene","Robbery, extortion and related offences","2014","Recorded",127,
"Bay Of Plenty District","Total Scene","Unlawful entry with intent/burglary, break and enter","2013","Recorded",4602,
"Bay Of Plenty District","Total Scene","Unlawful entry with intent/burglary, break and enter","2014","Recorded",4238,
"Bay Of Plenty District","Total Scene","Theft and related offences","2013","Recorded",10039,
"Bay Of Plenty District","Total Scene","Theft and related offences","2014","Recorded",9666,
"Bay Of Plenty District","Total Scene","Fraud, deception and related offences","2013","Recorded",530,
"Bay Of Plenty District","Total Scene","Fraud, deception and related offences","2014","Recorded",746,
"Bay Of Plenty District","Total Scene","Illicit drug offences","2013","Recorded",1799,
"Bay Of Plenty District","Total Scene","Illicit drug offences","2014","Recorded",1692,
"Bay Of Plenty District","Total Scene","Prohibited and regulated weapons and explosives offences","2013","Recorded",574,
"Bay Of Plenty District","Total Scene","Prohibited and regulated weapons and explosives offences","2014","Recorded",630,
"Bay Of Plenty District","Total Scene","Property damage and environmental pollution","2013","Recorded",4088,
"Bay Of Plenty District","Total Scene","Property damage and environmental pollution","2014","Recorded",3423,
"Bay Of Plenty District","Total Scene","Public order offences","2013","Recorded",3342,
"Bay Of Plenty District","Total Scene","Public order offences","2014","Recorded",2902,
"Bay Of Plenty District","Total Scene","Offences against justice procedures, government security and government operations","2013","Recorded",1298,
"Bay Of Plenty District","Total Scene","Offences against justice procedures, government security and government operations","2014","Recorded",1524,
"Bay Of Plenty District","Total Scene","Miscellaneous offences","2013","Recorded",118,
"Bay Of Plenty District","Total Scene","Miscellaneous offences","2014","Recorded",123,
"Bay Of Plenty District","Total Scene","Total Offences","2013","Resolved",16474,
"Bay Of Plenty District","Total Scene","Homicide and related offences","2013","Resolved",3,
"Bay Of Plenty District","Total Scene","Homicide and related offences","2014","Resolved",4,
"Bay Of Plenty District","Total Scene","Acts intended to cause injury","2013","Resolved",2959,
"Bay Of Plenty District","Total Scene","Acts intended to cause injury","2014","Resolved",2950,
"Bay Of Plenty District","Total Scene","Sexual assault and related offences","2013","Resolved",144,
"Bay Of Plenty District","Total Scene","Sexual assault and related offences","2014","Resolved",234,
"Bay Of Plenty District","Total Scene","Dangerous or negligent acts endangering persons","2013","Resolved",49,
"Bay Of Plenty District","Total Scene","Dangerous or negligent acts endangering persons","2014","Resolved",44,
"Bay Of Plenty District","Total Scene","Abduction, harassment and other related offences against a person","2013","Resolved",807,
"Bay Of Plenty District","Total Scene","Abduction, harassment and other related offences against a person","2014","Resolved",847,
"Bay Of Plenty District","Total Scene","Robbery, extortion and related offences","2013","Resolved",82,
"Bay Of Plenty District","Total Scene","Robbery, extortion and related offences","2014","Resolved",70,
"Bay Of Plenty District","Total Scene","Unlawful entry with intent/burglary, break and enter","2013","Resolved",936,
"Bay Of Plenty District","Total Scene","Unlawful entry with intent/burglary, break and enter","2014","Resolved",834,
"Bay Of Plenty District","Total Scene","Theft and related offences","2013","Resolved",2959,
"Bay Of Plenty District","Total Scene","Theft and related offences","2014","Resolved",2985,
"Bay Of Plenty District","Total Scene","Fraud, deception and related offences","2013","Resolved",304,
"Bay Of Plenty District","Total Scene","Fraud, deception and related offences","2014","Resolved",486,
"Bay Of Plenty District","Total Scene","Illicit drug offences","2013","Resolved",1727,
"Bay Of Plenty District","Total Scene","Illicit drug offences","2014","Resolved",1607,
"Bay Of Plenty District","Total Scene","Prohibited and regulated weapons and explosives offences","2013","Resolved",548,
"Bay Of Plenty District","Total Scene","Prohibited and regulated weapons and explosives offences","2014","Resolved",584,
"Bay Of Plenty District","Total Scene","Property damage and environmental pollution","2013","Resolved",1534,
"Bay Of Plenty District","Total Scene","Property damage and environmental pollution","2014","Resolved",1270,
"Bay Of Plenty District","Total Scene","Public order offences","2013","Resolved",3117,
"Bay Of Plenty District","Total Scene","Public order offences","2014","Resolved",2578,
"Bay Of Plenty District","Total Scene","Offences against justice procedures, government security and government operations","2013","Resolved",1226,
"Bay Of Plenty District","Total Scene","Offences against justice procedures, government security and government operations","2014","Resolved",1375,
"Bay Of Plenty District","Total Scene","Miscellaneous offences","2013","Resolved",79,
"Bay Of Plenty District","Total Scene","Miscellaneous offences","2014","Resolved",86,
"Bay Of Plenty District","Total Scene","Total Offences","2014","Recorded",30288,
"Bay Of Plenty District","Total Scene","Total Offences","2014","Resolved",15954,
"Eastern District","Total Scene","Total Offences","2013","Recorded",23523,
"Eastern District","Total Scene","Total Offences","2014","Recorded",22344,
"Eastern District","Total Scene","Homicide and related offences","2013","Recorded",10,
"Eastern District","Total Scene","Homicide and related offences","2014","Recorded",2,
"Eastern District","Total Scene","Acts intended to cause injury","2013","Recorded",3387,
"Eastern District","Total Scene","Acts intended to cause injury","2014","Recorded",3446,
"Eastern District","Total Scene","Sexual assault and related offences","2013","Recorded",265,
"Eastern District","Total Scene","Sexual assault and related offences","2014","Recorded",253,
"Eastern District","Total Scene","Dangerous or negligent acts endangering persons","2013","Recorded",102,
"Eastern District","Total Scene","Dangerous or negligent acts endangering persons","2014","Recorded",92,
"Eastern District","Total Scene","Abduction, harassment and other related offences against a person","2013","Recorded",1017,
"Eastern District","Total Scene","Abduction, harassment and other related offences against a person","2014","Recorded",1110,
"Eastern District","Total Scene","Robbery, extortion and related offences","2013","Recorded",130,
"Eastern District","Total Scene","Robbery, extortion and related offences","2014","Recorded",110,
"Eastern District","Total Scene","Unlawful entry with intent/burglary, break and enter","2013","Recorded",3536,
"Eastern District","Total Scene","Unlawful entry with intent/burglary, break and enter","2014","Recorded",3292,
"Eastern District","Total Scene","Theft and related offences","2013","Recorded",6561,
"Eastern District","Total Scene","Theft and related offences","2014","Recorded",5936,
"Eastern District","Total Scene","Fraud, deception and related offences","2013","Recorded",465,
"Eastern District","Total Scene","Fraud, deception and related offences","2014","Recorded",535,
"Eastern District","Total Scene","Illicit drug offences","2013","Recorded",1028,
"Eastern District","Total Scene","Illicit drug offences","2014","Recorded",1148,
"Eastern District","Total Scene","Prohibited and regulated weapons and explosives offences","2013","Recorded",478,
"Eastern District","Total Scene","Prohibited and regulated weapons and explosives offences","2014","Recorded",455,
"Eastern District","Total Scene","Property damage and environmental pollution","2013","Recorded",2755,
"Eastern District","Total Scene","Property damage and environmental pollution","2014","Recorded",2438,
"Eastern District","Total Scene","Public order offences","2013","Recorded",2634,
"Eastern District","Total Scene","Public order offences","2014","Recorded",2119,
"Eastern District","Total Scene","Offences against justice procedures, government security and government operations","2013","Recorded",1033,
"Eastern District","Total Scene","Offences against justice procedures, government security and government operations","2014","Recorded",1305,
"Eastern District","Total Scene","Miscellaneous offences","2013","Recorded",122,
"Eastern District","Total Scene","Miscellaneous offences","2014","Recorded",103,
"Eastern District","Total Scene","Total Offences","2013","Resolved",11254,
"Eastern District","Total Scene","Total Offences","2014","Resolved",10887,
"Eastern District","Total Scene","Homicide and related offences","2013","Resolved",5,
"Eastern District","Total Scene","Homicide and related offences","2014","Resolved",2,
"Eastern District","Total Scene","Acts intended to cause injury","2013","Resolved",2399,
"Eastern District","Total Scene","Acts intended to cause injury","2014","Resolved",2312,
"Eastern District","Total Scene","Sexual assault and related offences","2013","Resolved",117,
"Eastern District","Total Scene","Sexual assault and related offences","2014","Resolved",114,
"Eastern District","Total Scene","Dangerous or negligent acts endangering persons","2013","Resolved",44,
"Eastern District","Total Scene","Dangerous or negligent acts endangering persons","2014","Resolved",42,
"Eastern District","Total Scene","Abduction, harassment and other related offences against a person","2013","Resolved",620,
"Eastern District","Total Scene","Abduction, harassment and other related offences against a person","2014","Resolved",702,
"Eastern District","Total Scene","Robbery, extortion and related offences","2013","Resolved",60,
"Eastern District","Total Scene","Robbery, extortion and related offences","2014","Resolved",61,
"Eastern District","Total Scene","Unlawful entry with intent/burglary, break and enter","2013","Resolved",574,
"Eastern District","Total Scene","Unlawful entry with intent/burglary, break and enter","2014","Resolved",527,
"Eastern District","Total Scene","Theft and related offences","2013","Resolved",1882,
"Eastern District","Total Scene","Theft and related offences","2014","Resolved",1751,
"Eastern District","Total Scene","Fraud, deception and related offences","2013","Resolved",257,
"Eastern District","Total Scene","Fraud, deception and related offences","2014","Resolved",311,
"Eastern District","Total Scene","Illicit drug offences","2013","Resolved",755,
"Eastern District","Total Scene","Illicit drug offences","2014","Resolved",869,
"Eastern District","Total Scene","Prohibited and regulated weapons and explosives offences","2013","Resolved",421,
"Eastern District","Total Scene","Prohibited and regulated weapons and explosives offences","2014","Resolved",408,
"Eastern District","Total Scene","Property damage and environmental pollution","2013","Resolved",956,
"Eastern District","Total Scene","Property damage and environmental pollution","2014","Resolved",839,
"Eastern District","Total Scene","Public order offences","2013","Resolved",2190,
"Eastern District","Total Scene","Public order offences","2014","Resolved",1771,
"Eastern District","Total Scene","Offences against justice procedures, government security and government operations","2013","Resolved",914,
"Eastern District","Total Scene","Offences against justice procedures, government security and government operations","2014","Resolved",1114,
"Eastern District","Total Scene","Miscellaneous offences","2013","Resolved",60,
"Eastern District","Total Scene","Miscellaneous offences","2014","Resolved",64,
"Central District","Total Scene","Total Offences","2013","Recorded",28006,
"Central District","Total Scene","Total Offences","2014","Recorded",27592,
"Central District","Total Scene","Homicide and related offences","2013","Recorded",7,
"Central District","Total Scene","Homicide and related offences","2014","Recorded",4,
"Central District","Total Scene","Acts intended to cause injury","2013","Recorded",3165,
"Central District","Total Scene","Acts intended to cause injury","2014","Recorded",3192,
"Central District","Total Scene","Sexual assault and related offences","2013","Recorded",380,
"Central District","Total Scene","Sexual assault and related offences","2014","Recorded",306,
"Central District","Total Scene","Dangerous or negligent acts endangering persons","2013","Recorded",51,
"Central District","Total Scene","Dangerous or negligent acts endangering persons","2014","Recorded",61,
"Central District","Total Scene","Abduction, harassment and other related offences against a person","2013","Recorded",1075,
"Central District","Total Scene","Abduction, harassment and other related offences against a person","2014","Recorded",1123,
"Central District","Total Scene","Robbery, extortion and related offences","2013","Recorded",102,
"Central District","Total Scene","Robbery, extortion and related offences","2014","Recorded",99,
"Central District","Total Scene","Unlawful entry with intent/burglary, break and enter","2013","Recorded",4472,
"Central District","Total Scene","Unlawful entry with intent/burglary, break and enter","2014","Recorded",4540,
"Central District","Total Scene","Theft and related offences","2013","Recorded",8689,
"Central District","Total Scene","Theft and related offences","2014","Recorded",8839,
"Central District","Total Scene","Fraud, deception and related offences","2013","Recorded",583,
"Central District","Total Scene","Fraud, deception and related offences","2014","Recorded",715,
"Central District","Total Scene","Illicit drug offences","2013","Recorded",1297,
"Central District","Total Scene","Illicit drug offences","2014","Recorded",1264,
"Central District","Total Scene","Prohibited and regulated weapons and explosives offences","2013","Recorded",522,
"Central District","Total Scene","Prohibited and regulated weapons and explosives offences","2014","Recorded",532,
"Central District","Total Scene","Property damage and environmental pollution","2013","Recorded",3984,
"Central District","Total Scene","Property damage and environmental pollution","2014","Recorded",3777,
"Central District","Total Scene","Public order offences","2013","Recorded",2613,
"Central District","Total Scene","Public order offences","2014","Recorded",1811,
"Central District","Total Scene","Offences against justice procedures, government security and government operations","2013","Recorded",970,
"Central District","Total Scene","Offences against justice procedures, government security and government operations","2014","Recorded",1250,
"Central District","Total Scene","Miscellaneous offences","2013","Recorded",96,
"Central District","Total Scene","Miscellaneous offences","2014","Recorded",79,
"Central District","Total Scene","Total Offences","2013","Resolved",13617,
"Central District","Total Scene","Total Offences","2014","Resolved",12760,
"Central District","Total Scene","Homicide and related offences","2013","Resolved",7,
"Central District","Total Scene","Homicide and related offences","2014","Resolved",4,
"Central District","Total Scene","Acts intended to cause injury","2013","Resolved",2627,
"Central District","Total Scene","Acts intended to cause injury","2014","Resolved",2609,
"Central District","Total Scene","Sexual assault and related offences","2013","Resolved",218,
"Central District","Total Scene","Sexual assault and related offences","2014","Resolved",139,
"Central District","Total Scene","Dangerous or negligent acts endangering persons","2013","Resolved",34,
"Central District","Total Scene","Dangerous or negligent acts endangering persons","2014","Resolved",39,
"Central District","Total Scene","Abduction, harassment and other related offences against a person","2013","Resolved",730,
"Central District","Total Scene","Abduction, harassment and other related offences against a person","2014","Resolved",739,
"Central District","Total Scene","Robbery, extortion and related offences","2013","Resolved",49,
"Central District","Total Scene","Robbery, extortion and related offences","2014","Resolved",51,
"Central District","Total Scene","Unlawful entry with intent/burglary, break and enter","2013","Resolved",745,
"Central District","Total Scene","Unlawful entry with intent/burglary, break and enter","2014","Resolved",613,
"Central District","Total Scene","Theft and related offences","2013","Resolved",2691,
"Central District","Total Scene","Theft and related offences","2014","Resolved",2626,
"Central District","Total Scene","Fraud, deception and related offences","2013","Resolved",363,
"Central District","Total Scene","Fraud, deception and related offences","2014","Resolved",469,
"Central District","Total Scene","Illicit drug offences","2013","Resolved",1157,
"Central District","Total Scene","Illicit drug offences","2014","Resolved",1066,
"Central District","Total Scene","Prohibited and regulated weapons and explosives offences","2013","Resolved",479,
"Central District","Total Scene","Prohibited and regulated weapons and explosives offences","2014","Resolved",486,
"Central District","Total Scene","Property damage and environmental pollution","2013","Resolved",1254,
"Central District","Total Scene","Property damage and environmental pollution","2014","Resolved",1220,
"Central District","Total Scene","Public order offences","2013","Resolved",2290,
"Central District","Total Scene","Public order offences","2014","Resolved",1515,
"Central District","Total Scene","Offences against justice procedures, government security and government operations","2013","Resolved",916,
"Central District","Total Scene","Offences against justice procedures, government security and government operations","2014","Resolved",1134,
"Central District","Total Scene","Miscellaneous offences","2013","Resolved",57,
"Central District","Total Scene","Miscellaneous offences","2014","Resolved",50,
"Wellington District","Total Scene","Total Offences","2013","Recorded",34806,
"Wellington District","Total Scene","Total Offences","2014","Recorded",37257,
"Wellington District","Total Scene","Homicide and related offences","2013","Recorded",7,
"Wellington District","Total Scene","Homicide and related offences","2014","Recorded",4,
"Wellington District","Total Scene","Acts intended to cause injury","2013","Recorded",3453,
"Wellington District","Total Scene","Acts intended to cause injury","2014","Recorded",4204,
"Wellington District","Total Scene","Sexual assault and related offences","2013","Recorded",373,
"Wellington District","Total Scene","Sexual assault and related offences","2014","Recorded",408,
"Wellington District","Total Scene","Dangerous or negligent acts endangering persons","2013","Recorded",74,
"Wellington District","Total Scene","Dangerous or negligent acts endangering persons","2014","Recorded",54,
"Wellington District","Total Scene","Abduction, harassment and other related offences against a person","2013","Recorded",1388,
"Wellington District","Total Scene","Abduction, harassment and other related offences against a person","2014","Recorded",1815,
"Wellington District","Total Scene","Robbery, extortion and related offences","2013","Recorded",150,
"Wellington District","Total Scene","Robbery, extortion and related offences","2014","Recorded",140,
"Wellington District","Total Scene","Unlawful entry with intent/burglary, break and enter","2013","Recorded",4434,
"Wellington District","Total Scene","Unlawful entry with intent/burglary, break and enter","2014","Recorded",4354,
"Wellington District","Total Scene","Theft and related offences","2013","Recorded",12486,
"Wellington District","Total Scene","Theft and related offences","2014","Recorded",13294,
"Wellington District","Total Scene","Fraud, deception and related offences","2013","Recorded",760,
"Wellington District","Total Scene","Fraud, deception and related offences","2014","Recorded",976,
"Wellington District","Total Scene","Illicit drug offences","2013","Recorded",1157,
"Wellington District","Total Scene","Illicit drug offences","2014","Recorded",2124,
"Wellington District","Total Scene","Prohibited and regulated weapons and explosives offences","2013","Recorded",485,
"Wellington District","Total Scene","Prohibited and regulated weapons and explosives offences","2014","Recorded",495,
"Wellington District","Total Scene","Property damage and environmental pollution","2013","Recorded",5210,
"Wellington District","Total Scene","Property damage and environmental pollution","2014","Recorded",5110,
"Wellington District","Total Scene","Public order offences","2013","Recorded",3596,
"Wellington District","Total Scene","Public order offences","2014","Recorded",2838,
"Wellington District","Total Scene","Offences against justice procedures, government security and government operations","2013","Recorded",1058,
"Wellington District","Total Scene","Offences against justice procedures, government security and government operations","2014","Recorded",1295,
"Wellington District","Total Scene","Miscellaneous offences","2013","Recorded",175,
"Wellington District","Total Scene","Miscellaneous offences","2014","Recorded",146,
"Wellington District","Total Scene","Total Offences","2013","Resolved",12728,
"Wellington District","Total Scene","Total Offences","2014","Resolved",13580,
"Wellington District","Total Scene","Homicide and related offences","2013","Resolved",6,
"Wellington District","Total Scene","Homicide and related offences","2014","Resolved",4,
"Wellington District","Total Scene","Acts intended to cause injury","2013","Resolved",2271,
"Wellington District","Total Scene","Acts intended to cause injury","2014","Resolved",2565,
"Wellington District","Total Scene","Sexual assault and related offences","2013","Resolved",199,
"Wellington District","Total Scene","Sexual assault and related offences","2014","Resolved",188,
"Wellington District","Total Scene","Dangerous or negligent acts endangering persons","2013","Resolved",41,
"Wellington District","Total Scene","Dangerous or negligent acts endangering persons","2014","Resolved",28,
"Wellington District","Total Scene","Abduction, harassment and other related offences against a person","2013","Resolved",617,
"Wellington District","Total Scene","Abduction, harassment and other related offences against a person","2014","Resolved",802,
"Wellington District","Total Scene","Robbery, extortion and related offences","2013","Resolved",66,
"Wellington District","Total Scene","Robbery, extortion and related offences","2014","Resolved",59,
"Wellington District","Total Scene","Unlawful entry with intent/burglary, break and enter","2013","Resolved",552,
"Wellington District","Total Scene","Unlawful entry with intent/burglary, break and enter","2014","Resolved",549,
"Wellington District","Total Scene","Theft and related offences","2013","Resolved",2322,
"Wellington District","Total Scene","Theft and related offences","2014","Resolved",2533,
"Wellington District","Total Scene","Fraud, deception and related offences","2013","Resolved",337,
"Wellington District","Total Scene","Fraud, deception and related offences","2014","Resolved",402,
"Wellington District","Total Scene","Illicit drug offences","2013","Resolved",1025,
"Wellington District","Total Scene","Illicit drug offences","2014","Resolved",2010,
"Wellington District","Total Scene","Prohibited and regulated weapons and explosives offences","2013","Resolved",414,
"Wellington District","Total Scene","Prohibited and regulated weapons and explosives offences","2014","Resolved",427,
"Wellington District","Total Scene","Property damage and environmental pollution","2013","Resolved",1100,
"Wellington District","Total Scene","Property damage and environmental pollution","2014","Resolved",1050,
"Wellington District","Total Scene","Public order offences","2013","Resolved",2821,
"Wellington District","Total Scene","Public order offences","2014","Resolved",1866,
"Wellington District","Total Scene","Offences against justice procedures, government security and government operations","2013","Resolved",870,
"Wellington District","Total Scene","Offences against justice procedures, government security and government operations","2014","Resolved",1024,
"Wellington District","Total Scene","Miscellaneous offences","2013","Resolved",87,
"Wellington District","Total Scene","Miscellaneous offences","2014","Resolved",73,
"Tasman District","Total Scene","Total Offences","2013","Recorded",14634,
"Tasman District","Total Scene","Total Offences","2014","Recorded",14078,
"Tasman District","Total Scene","Homicide and related offences","2013","Recorded",5,
"Tasman District","Total Scene","Homicide and related offences","2014","Recorded",2,
"Tasman District","Total Scene","Acts intended to cause injury","2013","Recorded",1582,
"Tasman District","Total Scene","Acts intended to cause injury","2014","Recorded",1613,
"Tasman District","Total Scene","Sexual assault and related offences","2013","Recorded",198,
"Tasman District","Total Scene","Sexual assault and related offences","2014","Recorded",155,
"Tasman District","Total Scene","Dangerous or negligent acts endangering persons","2013","Recorded",38,
"Tasman District","Total Scene","Dangerous or negligent acts endangering persons","2014","Recorded",25,
"Tasman District","Total Scene","Abduction, harassment and other related offences against a person","2013","Recorded",683,
"Tasman District","Total Scene","Abduction, harassment and other related offences against a person","2014","Recorded",704,
"Tasman District","Total Scene","Robbery, extortion and related offences","2013","Recorded",41,
"Tasman District","Total Scene","Robbery, extortion and related offences","2014","Recorded",36,
"Tasman District","Total Scene","Unlawful entry with intent/burglary, break and enter","2013","Recorded",1505,
"Tasman District","Total Scene","Unlawful entry with intent/burglary, break and enter","2014","Recorded",1653,
"Tasman District","Total Scene","Theft and related offences","2013","Recorded",3880,
"Tasman District","Total Scene","Theft and related offences","2014","Recorded",3749,
"Tasman District","Total Scene","Fraud, deception and related offences","2013","Recorded",204,
"Tasman District","Total Scene","Fraud, deception and related offences","2014","Recorded",328,
"Tasman District","Total Scene","Illicit drug offences","2013","Recorded",1151,
"Tasman District","Total Scene","Illicit drug offences","2014","Recorded",1123,
"Tasman District","Total Scene","Prohibited and regulated weapons and explosives offences","2013","Recorded",266,
"Tasman District","Total Scene","Prohibited and regulated weapons and explosives offences","2014","Recorded",250,
"Tasman District","Total Scene","Property damage and environmental pollution","2013","Recorded",2278,
"Tasman District","Total Scene","Property damage and environmental pollution","2014","Recorded",2205,
"Tasman District","Total Scene","Public order offences","2013","Recorded",2125,
"Tasman District","Total Scene","Public order offences","2014","Recorded",1562,
"Tasman District","Total Scene","Offences against justice procedures, government security and government operations","2013","Recorded",562,
"Tasman District","Total Scene","Offences against justice procedures, government security and government operations","2014","Recorded",571,
"Tasman District","Total Scene","Miscellaneous offences","2013","Recorded",116,
"Tasman District","Total Scene","Miscellaneous offences","2014","Recorded",102,
"Tasman District","Total Scene","Total Offences","2013","Resolved",7553,
"Tasman District","Total Scene","Total Offences","2014","Resolved",7263,
"Tasman District","Total Scene","Homicide and related offences","2013","Resolved",5,
"Tasman District","Total Scene","Homicide and related offences","2014","Resolved",1,
"Tasman District","Total Scene","Acts intended to cause injury","2013","Resolved",1257,
"Tasman District","Total Scene","Acts intended to cause injury","2014","Resolved",1321,
"Tasman District","Total Scene","Sexual assault and related offences","2013","Resolved",119,
"Tasman District","Total Scene","Sexual assault and related offences","2014","Resolved",86,
"Tasman District","Total Scene","Dangerous or negligent acts endangering persons","2013","Resolved",17,
"Tasman District","Total Scene","Dangerous or negligent acts endangering persons","2014","Resolved",14,
"Tasman District","Total Scene","Abduction, harassment and other related offences against a person","2013","Resolved",436,
"Tasman District","Total Scene","Abduction, harassment and other related offences against a person","2014","Resolved",474,
"Tasman District","Total Scene","Robbery, extortion and related offences","2013","Resolved",24,
"Tasman District","Total Scene","Robbery, extortion and related offences","2014","Resolved",22,
"Tasman District","Total Scene","Unlawful entry with intent/burglary, break and enter","2013","Resolved",302,
"Tasman District","Total Scene","Unlawful entry with intent/burglary, break and enter","2014","Resolved",336,
"Tasman District","Total Scene","Theft and related offences","2013","Resolved",1083,
"Tasman District","Total Scene","Theft and related offences","2014","Resolved",1169,
"Tasman District","Total Scene","Fraud, deception and related offences","2013","Resolved",102,
"Tasman District","Total Scene","Fraud, deception and related offences","2014","Resolved",191,
"Tasman District","Total Scene","Illicit drug offences","2013","Resolved",968,
"Tasman District","Total Scene","Illicit drug offences","2014","Resolved",940,
"Tasman District","Total Scene","Prohibited and regulated weapons and explosives offences","2013","Resolved",231,
"Tasman District","Total Scene","Prohibited and regulated weapons and explosives offences","2014","Resolved",223,
"Tasman District","Total Scene","Property damage and environmental pollution","2013","Resolved",611,
"Tasman District","Total Scene","Property damage and environmental pollution","2014","Resolved",653,
"Tasman District","Total Scene","Public order offences","2013","Resolved",1848,
"Tasman District","Total Scene","Public order offences","2014","Resolved",1272,
"Tasman District","Total Scene","Offences against justice procedures, government security and government operations","2013","Resolved",476,
"Tasman District","Total Scene","Offences against justice procedures, government security and government operations","2014","Resolved",500,
"Tasman District","Total Scene","Miscellaneous offences","2013","Resolved",74,
"Tasman District","Total Scene","Miscellaneous offences","2014","Resolved",61,
"Canterbury District","Total Scene","Total Offences","2013","Recorded",40393,
"Canterbury District","Total Scene","Total Offences","2014","Recorded",38010,
"Canterbury District","Total Scene","Homicide and related offences","2013","Recorded",8,
"Canterbury District","Total Scene","Homicide and related offences","2014","Recorded",8,
"Canterbury District","Total Scene","Acts intended to cause injury","2013","Recorded",3619,
"Canterbury District","Total Scene","Acts intended to cause injury","2014","Recorded",3726,
"Canterbury District","Total Scene","Sexual assault and related offences","2013","Recorded",442,
"Canterbury District","Total Scene","Sexual assault and related offences","2014","Recorded",411,
"Canterbury District","Total Scene","Dangerous or negligent acts endangering persons","2013","Recorded",62,
"Canterbury District","Total Scene","Dangerous or negligent acts endangering persons","2014","Recorded",55,
"Canterbury District","Total Scene","Abduction, harassment and other related offences against a person","2013","Recorded",1684,
"Canterbury District","Total Scene","Abduction, harassment and other related offences against a person","2014","Recorded",1811,
"Canterbury District","Total Scene","Robbery, extortion and related offences","2013","Recorded",186,
"Canterbury District","Total Scene","Robbery, extortion and related offences","2014","Recorded",202,
"Canterbury District","Total Scene","Unlawful entry with intent/burglary, break and enter","2013","Recorded",5707,
"Canterbury District","Total Scene","Unlawful entry with intent/burglary, break and enter","2014","Recorded",5500,
"Canterbury District","Total Scene","Theft and related offences","2013","Recorded",13366,
"Canterbury District","Total Scene","Theft and related offences","2014","Recorded",13235,
"Canterbury District","Total Scene","Fraud, deception and related offences","2013","Recorded",1018,
"Canterbury District","Total Scene","Fraud, deception and related offences","2014","Recorded",1039,
"Canterbury District","Total Scene","Illicit drug offences","2013","Recorded",1373,
"Canterbury District","Total Scene","Illicit drug offences","2014","Recorded",1326,
"Canterbury District","Total Scene","Prohibited and regulated weapons and explosives offences","2013","Recorded",565,
"Canterbury District","Total Scene","Prohibited and regulated weapons and explosives offences","2014","Recorded",590,
"Canterbury District","Total Scene","Property damage and environmental pollution","2013","Recorded",5971,
"Canterbury District","Total Scene","Property damage and environmental pollution","2014","Recorded",4903,
"Canterbury District","Total Scene","Public order offences","2013","Recorded",4593,
"Canterbury District","Total Scene","Public order offences","2014","Recorded",3231,
"Canterbury District","Total Scene","Offences against justice procedures, government security and government operations","2013","Recorded",1639,
"Canterbury District","Total Scene","Offences against justice procedures, government security and government operations","2014","Recorded",1802,
"Canterbury District","Total Scene","Miscellaneous offences","2013","Recorded",160,
"Canterbury District","Total Scene","Miscellaneous offences","2014","Recorded",171,
"Canterbury District","Total Scene","Total Offences","2013","Resolved",16910,
"Canterbury District","Total Scene","Total Offences","2014","Resolved",14993,
"Canterbury District","Total Scene","Homicide and related offences","2013","Resolved",7,
"Canterbury District","Total Scene","Homicide and related offences","2014","Resolved",7,
"Canterbury District","Total Scene","Acts intended to cause injury","2013","Resolved",2552,
"Canterbury District","Total Scene","Acts intended to cause injury","2014","Resolved",2499,
"Canterbury District","Total Scene","Sexual assault and related offences","2013","Resolved",214,
"Canterbury District","Total Scene","Sexual assault and related offences","2014","Resolved",145,
"Canterbury District","Total Scene","Dangerous or negligent acts endangering persons","2013","Resolved",34,
"Canterbury District","Total Scene","Dangerous or negligent acts endangering persons","2014","Resolved",24,
"Canterbury District","Total Scene","Abduction, harassment and other related offences against a person","2013","Resolved",763,
"Canterbury District","Total Scene","Abduction, harassment and other related offences against a person","2014","Resolved",753,
"Canterbury District","Total Scene","Robbery, extortion and related offences","2013","Resolved",73,
"Canterbury District","Total Scene","Robbery, extortion and related offences","2014","Resolved",85,
"Canterbury District","Total Scene","Unlawful entry with intent/burglary, break and enter","2013","Resolved",787,
"Canterbury District","Total Scene","Unlawful entry with intent/burglary, break and enter","2014","Resolved",712,
"Canterbury District","Total Scene","Theft and related offences","2013","Resolved",3215,
"Canterbury District","Total Scene","Theft and related offences","2014","Resolved",2970,
"Canterbury District","Total Scene","Fraud, deception and related offences","2013","Resolved",506,
"Canterbury District","Total Scene","Fraud, deception and related offences","2014","Resolved",510,
"Canterbury District","Total Scene","Illicit drug offences","2013","Resolved",1277,
"Canterbury District","Total Scene","Illicit drug offences","2014","Resolved",1243,
"Canterbury District","Total Scene","Prohibited and regulated weapons and explosives offences","2013","Resolved",496,
"Canterbury District","Total Scene","Prohibited and regulated weapons and explosives offences","2014","Resolved",531,
"Canterbury District","Total Scene","Property damage and environmental pollution","2013","Resolved",1492,
"Canterbury District","Total Scene","Property damage and environmental pollution","2014","Resolved",1299,
"Canterbury District","Total Scene","Public order offences","2013","Resolved",3923,
"Canterbury District","Total Scene","Public order offences","2014","Resolved",2519,
"Canterbury District","Total Scene","Offences against justice procedures, government security and government operations","2013","Resolved",1493,
"Canterbury District","Total Scene","Offences against justice procedures, government security and government operations","2014","Resolved",1595,
"Canterbury District","Total Scene","Miscellaneous offences","2013","Resolved",78,
"Canterbury District","Total Scene","Miscellaneous offences","2014","Resolved",101,
"Southern District","Total Scene","Total Offences","2013","Recorded",20326,
"Southern District","Total Scene","Total Offences","2014","Recorded",19447,
"Southern District","Total Scene","Homicide and related offences","2013","Recorded",5,
"Southern District","Total Scene","Homicide and related offences","2014","Recorded",5,
"Southern District","Total Scene","Acts intended to cause injury","2013","Recorded",2469,
"Southern District","Total Scene","Acts intended to cause injury","2014","Recorded",2636,
"Southern District","Total Scene","Sexual assault and related offences","2013","Recorded",246,
"Southern District","Total Scene","Sexual assault and related offences","2014","Recorded",355,
"Southern District","Total Scene","Dangerous or negligent acts endangering persons","2013","Recorded",60,
"Southern District","Total Scene","Dangerous or negligent acts endangering persons","2014","Recorded",34,
"Southern District","Total Scene","Abduction, harassment and other related offences against a person","2013","Recorded",921,
"Southern District","Total Scene","Abduction, harassment and other related offences against a person","2014","Recorded",1098,
"Southern District","Total Scene","Robbery, extortion and related offences","2013","Recorded",58,
"Southern District","Total Scene","Robbery, extortion and related offences","2014","Recorded",46,
"Southern District","Total Scene","Unlawful entry with intent/burglary, break and enter","2013","Recorded",2092,
"Southern District","Total Scene","Unlawful entry with intent/burglary, break and enter","2014","Recorded",2444,
"Southern District","Total Scene","Theft and related offences","2013","Recorded",5422,
"Southern District","Total Scene","Theft and related offences","2014","Recorded",4830,
"Southern District","Total Scene","Fraud, deception and related offences","2013","Recorded",604,
"Southern District","Total Scene","Fraud, deception and related offences","2014","Recorded",572,
"Southern District","Total Scene","Illicit drug offences","2013","Recorded",935,
"Southern District","Total Scene","Illicit drug offences","2014","Recorded",822,
"Southern District","Total Scene","Prohibited and regulated weapons and explosives offences","2013","Recorded",358,
"Southern District","Total Scene","Prohibited and regulated weapons and explosives offences","2014","Recorded",373,
"Southern District","Total Scene","Property damage and environmental pollution","2013","Recorded",3783,
"Southern District","Total Scene","Property damage and environmental pollution","2014","Recorded",3195,
"Southern District","Total Scene","Public order offences","2013","Recorded",2467,
"Southern District","Total Scene","Public order offences","2014","Recorded",2119,
"Southern District","Total Scene","Offences against justice procedures, government security and government operations","2013","Recorded",780,
"Southern District","Total Scene","Offences against justice procedures, government security and government operations","2014","Recorded",795,
"Southern District","Total Scene","Miscellaneous offences","2013","Recorded",126,
"Southern District","Total Scene","Miscellaneous offences","2014","Recorded",123,
"Southern District","Total Scene","Total Offences","2013","Resolved",10489,
"Southern District","Total Scene","Total Offences","2014","Resolved",9849,
"Southern District","Total Scene","Homicide and related offences","2013","Resolved",4,
"Southern District","Total Scene","Homicide and related offences","2014","Resolved",5,
"Southern District","Total Scene","Acts intended to cause injury","2013","Resolved",1996,
"Southern District","Total Scene","Acts intended to cause injury","2014","Resolved",2112,
"Southern District","Total Scene","Sexual assault and related offences","2013","Resolved",115,
"Southern District","Total Scene","Sexual assault and related offences","2014","Resolved",202,
"Southern District","Total Scene","Dangerous or negligent acts endangering persons","2013","Resolved",30,
"Southern District","Total Scene","Dangerous or negligent acts endangering persons","2014","Resolved",22,
"Southern District","Total Scene","Abduction, harassment and other related offences against a person","2013","Resolved",647,
"Southern District","Total Scene","Abduction, harassment and other related offences against a person","2014","Resolved",780,
"Southern District","Total Scene","Robbery, extortion and related offences","2013","Resolved",31,
"Southern District","Total Scene","Robbery, extortion and related offences","2014","Resolved",25,
"Southern District","Total Scene","Unlawful entry with intent/burglary, break and enter","2013","Resolved",416,
"Southern District","Total Scene","Unlawful entry with intent/burglary, break and enter","2014","Resolved",380,
"Southern District","Total Scene","Theft and related offences","2013","Resolved",1761,
"Southern District","Total Scene","Theft and related offences","2014","Resolved",1415,
"Southern District","Total Scene","Fraud, deception and related offences","2013","Resolved",431,
"Southern District","Total Scene","Fraud, deception and related offences","2014","Resolved",353,
"Southern District","Total Scene","Illicit drug offences","2013","Resolved",855,
"Southern District","Total Scene","Illicit drug offences","2014","Resolved",731,
"Southern District","Total Scene","Prohibited and regulated weapons and explosives offences","2013","Resolved",310,
"Southern District","Total Scene","Prohibited and regulated weapons and explosives offences","2014","Resolved",317,
"Southern District","Total Scene","Property damage and environmental pollution","2013","Resolved",956,
"Southern District","Total Scene","Property damage and environmental pollution","2014","Resolved",908,
"Southern District","Total Scene","Public order offences","2013","Resolved",2130,
"Southern District","Total Scene","Public order offences","2014","Resolved",1792,
"Southern District","Total Scene","Offences against justice procedures, government security and government operations","2013","Resolved",725,
"Southern District","Total Scene","Offences against justice procedures, government security and government operations","2014","Resolved",725,
"Southern District","Total Scene","Miscellaneous offences","2013","Resolved",82,
"Southern District","Total Scene","Miscellaneous offences","2014","Resolved",82,
"Total New Zealand","Total Scene","Total Offences","2013","Recorded",360411,
"Total New Zealand","Total Scene","Total Offences","2014","Recorded",350389,
"Total New Zealand","Total Scene","Homicide and related offences","2013","Recorded",83,
"Total New Zealand","Total Scene","Homicide and related offences","2014","Recorded",66,
"Total New Zealand","Total Scene","Acts intended to cause injury","2013","Recorded",39447,
"Total New Zealand","Total Scene","Acts intended to cause injury","2014","Recorded",39944,
"Total New Zealand","Total Scene","Sexual assault and related offences","2013","Recorded",3919,
"Total New Zealand","Total Scene","Sexual assault and related offences","2014","Recorded",4056,
"Total New Zealand","Total Scene","Dangerous or negligent acts endangering persons","2013","Recorded",787,
"Total New Zealand","Total Scene","Dangerous or negligent acts endangering persons","2014","Recorded",737,
"Total New Zealand","Total Scene","Abduction, harassment and other related offences against a person","2013","Recorded",13763,
"Total New Zealand","Total Scene","Abduction, harassment and other related offences against a person","2014","Recorded",15024,
"Total New Zealand","Total Scene","Robbery, extortion and related offences","2013","Recorded",2178,
"Total New Zealand","Total Scene","Robbery, extortion and related offences","2014","Recorded",2140,
"Total New Zealand","Total Scene","Unlawful entry with intent/burglary, break and enter","2013","Recorded",52247,
"Total New Zealand","Total Scene","Unlawful entry with intent/burglary, break and enter","2014","Recorded",53265,
"Total New Zealand","Total Scene","Theft and related offences","2013","Recorded",121035,
"Total New Zealand","Total Scene","Theft and related offences","2014","Recorded",119323,
"Total New Zealand","Total Scene","Fraud, deception and related offences","2013","Recorded",7997,
"Total New Zealand","Total Scene","Fraud, deception and related offences","2014","Recorded",9037,
"Total New Zealand","Total Scene","Illicit drug offences","2013","Recorded",16069,
"Total New Zealand","Total Scene","Illicit drug offences","2014","Recorded",16543,
"Total New Zealand","Total Scene","Prohibited and regulated weapons and explosives offences","2013","Recorded",5675,
"Total New Zealand","Total Scene","Prohibited and regulated weapons and explosives offences","2014","Recorded",5791,
"Total New Zealand","Total Scene","Property damage and environmental pollution","2013","Recorded",45577,
"Total New Zealand","Total Scene","Property damage and environmental pollution","2014","Recorded",40358,
"Total New Zealand","Total Scene","Public order offences","2013","Recorded",35850,
"Total New Zealand","Total Scene","Public order offences","2014","Recorded",26751,
"Total New Zealand","Total Scene","Offences against justice procedures, government security and government operations","2013","Recorded",14425,
"Total New Zealand","Total Scene","Offences against justice procedures, government security and government operations","2014","Recorded",16085,
"Total New Zealand","Total Scene","Miscellaneous offences","2013","Recorded",1359,
"Total New Zealand","Total Scene","Miscellaneous offences","2014","Recorded",1269,
"Total New Zealand","Total Scene","Total Offences","2013","Resolved",158042,
"Total New Zealand","Total Scene","Total Offences","2014","Resolved",145367,
"Total New Zealand","Total Scene","Homicide and related offences","2013","Resolved",70,
"Total New Zealand","Total Scene","Homicide and related offences","2014","Resolved",58,
"Total New Zealand","Total Scene","Acts intended to cause injury","2013","Resolved",29852,
"Total New Zealand","Total Scene","Acts intended to cause injury","2014","Resolved",28908,
"Total New Zealand","Total Scene","Sexual assault and related offences","2013","Resolved",2030,
"Total New Zealand","Total Scene","Sexual assault and related offences","2014","Resolved",1932,
"Total New Zealand","Total Scene","Dangerous or negligent acts endangering persons","2013","Resolved",456,
"Total New Zealand","Total Scene","Dangerous or negligent acts endangering persons","2014","Resolved",434,
"Total New Zealand","Total Scene","Abduction, harassment and other related offences against a person","2013","Resolved",8092,
"Total New Zealand","Total Scene","Abduction, harassment and other related offences against a person","2014","Resolved",8483,
"Total New Zealand","Total Scene","Robbery, extortion and related offences","2013","Resolved",849,
"Total New Zealand","Total Scene","Robbery, extortion and related offences","2014","Resolved",861,
"Total New Zealand","Total Scene","Unlawful entry with intent/burglary, break and enter","2013","Resolved",7235,
"Total New Zealand","Total Scene","Unlawful entry with intent/burglary, break and enter","2014","Resolved",6464,
"Total New Zealand","Total Scene","Theft and related offences","2013","Resolved",27610,
"Total New Zealand","Total Scene","Theft and related offences","2014","Resolved",25870,
"Total New Zealand","Total Scene","Fraud, deception and related offences","2013","Resolved",4109,
"Total New Zealand","Total Scene","Fraud, deception and related offences","2014","Resolved",4481,
"Total New Zealand","Total Scene","Illicit drug offences","2013","Resolved",14584,
"Total New Zealand","Total Scene","Illicit drug offences","2014","Resolved",15031,
"Total New Zealand","Total Scene","Prohibited and regulated weapons and explosives offences","2013","Resolved",5092,
"Total New Zealand","Total Scene","Prohibited and regulated weapons and explosives offences","2014","Resolved",5171,
"Total New Zealand","Total Scene","Property damage and environmental pollution","2013","Resolved",13450,
"Total New Zealand","Total Scene","Property damage and environmental pollution","2014","Resolved",11431,
"Total New Zealand","Total Scene","Public order offences","2013","Resolved",30687,
"Total New Zealand","Total Scene","Public order offences","2014","Resolved",21282,
"Total New Zealand","Total Scene","Offences against justice procedures, government security and government operations","2013","Resolved",13133,
"Total New Zealand","Total Scene","Offences against justice procedures, government security and government operations","2014","Resolved",14219,
"Total New Zealand","Total Scene","Miscellaneous offences","2013","Resolved",793,
"Total New Zealand","Total Scene","Miscellaneous offences","2014","Resolved",742,
